deliberation,deliberate,deliberately,deliberated,,
undermine,undermines,undermined,undermining,,
rationalization,rationally,rationality,rationalize,rational,rationing
aesthetic,aesthetically,aesthete,aesthetics,aesthetes,
neutrality,neutral,neutralization,neutralize,neutralizes,
obscure,obscurities,obscurity,obscured,obscuring,
equivocate,equivocations,equivocal,equivocation,,
tempered,temperate,tempers,temper,temperance,
abstract,abstractness,abstraction,,,
compromise,compromised,,,,
precipitate,precipitous,precipitation,precipitant,,
inhibited,inhibits,inhibit,inhibiting,inhibition,
partially,partial,partiality,,,
refined,refine,refinement,,,
tranquil,tranquillity,,,,
subtle,,,,,
buttresses,buttress,,,,
refute,refuting,refutable,refutation,refutes,
compel,compelled,compelling,,,
reconciles,reconcile,reconciled,reconciling,,
homogenization,homogeneity,homogenize,homogeneous,,
corroborated,corroborating,corroboration,corroborative,corroborate,
profound,,,,,
betrayed,betrayal,betray,,,
disperse,dispersal,dispersed,,,
exacerbate,exacerbating,exacerbated,,,
diverge,divergence,divergent,,,
trivial,,,,,
exploits,exploitation,exploiting,exploit,exploited,
disinterested,disinterest,,,,
lucid,lucidity,,,,
peripheral,,,,,
polarize,polarity,polarizes,polar,,
distortion,distorts,distortions,distort,distorting,distorted
defer,deferred,deference,,,
baroque,,,,,
paradoxically,paradoxes,paradox,paradoxical,,
impairments,impair,impaired,impairing,,
fortuitous,,,,,
sporadically,sporadic,,,,
contend,contends,contending,contended,,
collaborative,collaborated,collaborator,collaboration,,
repudiate,repudiated,repudiation,repudiates,,
patents,patent,,,,
distilled,distillate,distill,distillation,distilling,
diffident,diffidence,,,,
discernible,discernment,discerned,discern,,
invigorated,invigorating,invigoration,invigorate,,
venerate,veneration,venerable,,,
subordinate,subordination,subordinates,,,
placate,placating,,,,
superficial,superficiality,superficially,,,
confounded,confound,confounds,,,
ubiquitous,,,,,
mitigated,mitigation,mitigate,mitigating,,
disparity,disparate,,,,
dubious,,,,,
eclectic,,,,,
taciturn,taciturnity,,,,
ephemeral,,,,,
pervasiveness,pervasive,,,,
laconic,,,,,
belie,belies,belied,,,
innocuous,,,,,
articulated,articulating,articulate,,,
wariness,wary,,,,
superseded,supersede,,,,
extravagance,extravagant,,,,
digression,digressions,digressive,digress,digressing,
condone,condoned,,,,
rhetoric,rhetorical,,,,
apprehensive,apprehension,,,,
metaphorical,metaphor,metaphorically,,,
perennial,perennially,,,,
dichotomies,dichotomy,,,,
embellishment,embellishments,embellish,embellished,,
assuage,,,,,
eccentricity,eccentric,,,,
subsidization,subsiding,subside,subsidized,subsided,
antipathy,,,,,
banal,banality,,,,
dogmatically,dogmatism,dogmatic,,,
ameliorate,amelioration,,,,
obsolete,,,,,
acquisition,acquisitiveness,acquisitive,,,
adversity,adverse,,,,
proliferated,proliferation,proliferate,,,
enigmatic,,,,,
capricious,capriciousness,,,,
discrepancies,discrepancy,,,,
blithe,blithely,,,,
relegated,relegate,relegating,,,
opaqueness,opaque,,,,
garrulous,garrulity,garrulousness,,,
imperturbable,imperturbability,,,,
meticulous,,,,,
diffusing,diffuse,,,,
vigilant,vigilance,,,,
convoluted,,,,,
improvise,improvised,improvisation,,,
monotonous,,,,,
intrinsically,intrinsic,,,,
prodigal,prodigality,,,,
bolstered,bolster,,,,
emulation,emulate,emulated,emulating,,
intransigence,intransigent,,,,
superfluous,superfluity,,,,
conspicuous,conspicuously,,,,
deviates,deviation,deviate,,,
prodigious,prodigies,prodigy,,,
resilience,resilient,,,,
analogies,analogous,analogy,,,
engender,engendered,engendering,engenders,,
presumptuousness,presumptuous,,,,
inclined,incline,inclination,,,
contemptible,contempt,,,,
gullibility,gullible,,,,
desiccate,desiccant,desiccated,desiccation,,
agitation,agitate,agitated,,,
hampered,hampering,hamper,,,
perpetuating,perpetuate,perpetual,,,
provocation,provocative,,,,
iconoclast,iconoclastic,,,,
prolix,prolixity,,,,
efficacy,efficacious,,,,
augmented,augment,,,,
sensational,sensation,,,,
dictate,dictated,dictates,,,
conspirator,conspirators,conspire,,,
dissemblance,dissemble,,,,
tacit,,,,,
implicit,,,,,
aversion,,,,,
mundane,,,,,
spurious,,,,,
impetus,impetuous,impetuously,,,
mercurial,mercury,,,,
cunning,,,,,
complacence,complacent,complacency,,,
futile,futility,,,,
transitoriness,transitory,,,,
artlessness,,,,,
prevaricate,prevarication,,,,
erudite,erudition,,,,
imminent,,,,,
extraneous,,,,,
remedies,remedial,remedy,,,
floridness,florid,,,,
benign,benignity,,,,
obviates,obviate,obviating,obviated,,
forestalling,forestall,forestalled,,,
eloquent,eloquence,,,,
anachronistic,,,,,
arduous,,,,,
dissent,dissenting,,,,
transcendence,transcends,transcend,,,
alleviate,alleviated,,,,
volatility,volatile,,,,
pedantic,pedant,,,,
ramifications,,,,,
rigorously,rigor,rigorous,rigors,,
extrapolated,extrapolate,extrapolations,,,
transient,,,,,
eradicating,eradicate,,,,
foreseeable,foresee,,,,
enervating,enervate,,,,
fawn,fawning,,,,
diatribe,,,,,
tractable,tractability,,,,
audacious,,,,,
tirade,,,,,
anomalous,,,,,
antagonism,antagonize,,,,
serenity,serene,,,,
sentimental,sentiment,sentimentality,,,
misanthrope,,,,,
insipid,,,,,
commensurate,,,,,
doctrinaire,,,,,
discounted,discounts,discount,,,
canonizing,canon,canonical,,,
credibility,credible,,,,
malignant,malign,,,,
penchant,,,,,
arcane,,,,,
ambivalence,ambivalent,,,,
irresoluteness,irresolute,,,,
obstinate,,,,,
loquacious,,,,,
perseverance,persevere,,,,
fickleness,fickle,,,,
laudable,,,,,
painstaking,,,,,
vexation,,,,,
fastidiousness,fastidious,,,,
judicious,judiciously,,,,
propagation,propagate,,,,
irascibility,irascible,irascibly,,,
discomfited,discomfit,discomfiting,,,
expediency,expedient,,,,
inimical,,,,,
precarious,precariously,,,,
acumen,,,,,
deftness,deft,,,,
hyperbolize,hyperbole,hyperbolic,,,
underscored,underscore,underscores,,,
delineate,,,,,
magnanimous,magnanimity,,,,
imperiousness,imperious,imperial,imperiously,,
placidity,placid,,,,
probity,,,,,
nobles,noble,,,,
profundity,,,,,
deflect,,,,,
arbitrary,,,,,
disingenuousness,disingenuous,,,,
unprecedented,,,,,
negligent,negligible,negligence,,,
obsequious,,,,,
evoking,evokes,evoke,,,
scant,,,,,
outstripped,outstrip,outstrips,,,
allusion,allusive,allusiveness,,,
poised,poise,,,,
supplanted,supplant,,,,
illusory,,,,,
pristine,,,,,
contentious,contentiously,contentiousness,,,
morose,,,,,
tarnished,tarnish,,,,
amalgamate,amalgam,,,,
specious,,,,,
weary,weariness,,,,
appease,appeasement,,,,
correlation,correlate,,,,
prudent,,,,,
castigate,castigation,,,,
bombast,bombastic,,,,
squander,,,,,
impeding,impede,,,,
euphemism,,,,,
connoisseur,,,,,
pertinent,,,,,
benevolent,benevolence,,,,
tact,,,,,
reiterates,reiterating,reiterated,reiterate,,
propensity,,,,,
verbose,verbosity,,,,
inchoate,,,,,
caustic,,,,,
denounced,denounce,,,,
perfidious,perfidy,,,,
mollify,,,,,
coalescing,coalesced,,,,
heterodox,,,,,
panacea,,,,,
harbingers,harbinger,,,,
cursory,,,,,
perfunctory,,,,,
recondite,,,,,
daunt,daunting,daunted,,,
fecklessness,feckless,,,,
intimately,intimations,intimating,,,
tepid,,,,,
feigned,feigning,,,,
transgressions,transgress,transgression,,,
documentary,documentaries,,,,
render,rendered,,,,
sanguine,,,,,
bucolic,,,,,
erratically,erratic,,,,
noxious,,,,,
alacrity,,,,,
accentuate,accentuated,,,,
predicament,,,,,
deleterious,,,,,
phlegmatic,phlegmatically,,,,
apathy,,,,,
ebullience,ebullient,,,,
insularity,insular,,,,
austerity,austere,,,,
exigency,exigent,,,,
indefatigability,indefatigable,,,,
inscrutable,inscrutability,,,,
indolence,,,,,
pedestrian,,,,,
pugnacious,pugnaciously,,,,
pernicious,,,,,
viable,,,,,
inveigling,inveigle,,,,
copious,,,,,
reticence,reticent,,,,
evasive,evasiveness,,,,
quirkiness,quirky,,,,
undercut,undercutting,,,,
polemical,,,,,
misnomer,,,,,
wheedle,wheedling,,,,
supplication,supplicant,supplicate,,,
insolence,insolently,,,,
prophetic,prophet,,,,
incongruous,,,,,
belligerent,belligerently,,,,
frivolity,frivolous,,,,
complementary,,,,,
prosaic,,,,,
hackneyed,,,,,
aloofness,aloof,,,,
circumscribed,,,,,
interchangeable,,,,,
bogus,,,,,
miserliness,miserly,,,,
alienate,alienated,,,,
demur,,,,,
quixotic,,,,,
flouting,flout,,,,
understated,,,,,
relinquishment,relinquish,,,,
elated,,,,,
robust,,,,,
lionize,lionization,lionized,,,
synoptic,,,,,
stigmatize,stigmatization,,,,
circumspect,,,,,
immutable,immutability,,,,
empirically,empirical,,,,
terseness,terse,,,,
admonished,admonishment,admonish,,,
repertoire,,,,,
ascribe,ascribed,,,,
esoteric,,,,,
temporal,temporization,,,,
coercion,,,,,
ceased,ceases,,,,
surmounted,surmountable,,,,
preclude,precludes,precluded,,,
amenable,,,,,
attenuate,attenuation,,,,
elucidating,elucidate,elucidation,,,
foolhardy,,,,,
zealous,,,,,
approbation,,,,,
hindered,hinder,,,,
cogent,,,,,
onerous,,,,,
reproach,reproaches,,,,
fallacy,fallacious,,,,
adulteration,adulterated,,,,
comply,complying,,,,
lavishing,lavish,,,,
dissident,dissidents,,,,
touting,tout,,,,
glibness,glib,,,,
exculpate,,,,,
premeditation,premeditated,,,,
salutary,,,,,
burnish,,,,,
aver,,,,,
sparse,sparsely,,,,
flamboyant,flamboyance,,,,
chicanery,,,,,
stint,stinting,,,,
vacillate,vacillation,,,,
burgeon,,,,,
decipher,deciphering,,,,
intrepid,,,,,
qualms,,,,,
distressing,distress,distressed,,,
beneficent,,,,,
falter,falters,,,,
dwindles,dwindle,,,,
furtive,,,,,
contrite,contrition,,,,
whimsical,,,,,
tortuous,,,,,
liability,,,,,
aggrandize,aggrandized,,,,
implacable,,,,,
veracity,,,,,
turbulent,turbulence,,,,
profusely,profuse,,,,
facetious,,,,,
shrill,,,,,
nonplussed,,,,,
impudent,,,,,
tangential,,,,,
propriety,,,,,
craven,,,,,
nonchalance,nonchalant,,,,
covert,,,,,
ingenuity,ingenuous,,,,
lethargic,,,,,
decries,decried,,,,
axiomatic,,,,,
abate,abated,,,,
dispensed,dispense,dispensable,,,
ascetic,,,,,
disseminated,disseminate,,,,
mimic,,,,,
prescient,,,,,
lucrative,,,,,
cherished,,,,,
irksome,,,,,
gratifying,,,,,
predilection,,,,,
adroit,,,,,
feeble,feebleness,,,,
visionary,,,,,
momentary,,,,,
buoyant,,,,,
provincial,,,,,
abreast,,,,,
quandary,,,,,
vanquished,,,,,
cosmopolitanism,cosmopolitan,,,,
jettison,,,,,
haughty,,,,,
lament,lamented,,,,
salubrious,,,,,
slanderous,slandered,,,,
timorous,,,,,
evanescent,,,,,
nascent,,,,,
malleable,,,,,
pretentious,,,,,
thoroughness,,,,,
equitable,,,,,
pellucidity,,,,,
eclipse,,,,,
rumination,,,,,
restive,,,,,
unseemly,,,,,
fanciful,,,,,
virulence,virulent,,,,
profligate,,,,,
exotic,,,,,
sham,,,,,
cloaked,cloak,,,,
didactic,,,,,
scrupulous,,,,,
entrenched,,,,,
venal,,,,,
prowess,,,,,
curtail,curtailed,,,,
enchanted,enchant,,,,
incessant,,,,,
euphoric,,,,,
forsake,,,,,
estrangement,,,,,
feasible,,,,,
antedated,,,,,
lax,laxative,,,,
tendentious,tendentiousness,,,,
heterogeneous,,,,,
stringent,,,,,
disdain,,,,,
elicited,elicit,,,,
lulled,lull,,,,
archaic,,,,,
exhausted,exhaustive,,,,
pliant,,,,,
divulge,,,,,
impugn,impugned,,,,
petulant,,,,,
acclaimed,,,,,
veritable,,,,,
satirize,,,,,
platitude,,,,,
vapid,,,,,
covetous,covet,,,,
sedulous,sedulity,,,,
quibble,quibbles,,,,
deride,derided,,,,
commencement,commence,,,,
amendment,amended,,,,
astute,,,,,
fervor,,,,,
steadfast,,,,,
barren,,,,,
gainsay,,,,,
nullify,,,,,
congenial,congeniality,,,,
dupe,,,,,
apt,,,,,
flustered,,,,,
regression,,,,,
decorum,,,,,
censure,,,,,
contravened,,,,,
avaricious,,,,,
chauvinistic,chauvinist,,,,
harangue,,,,,
quarantine,,,,,
exonerate,exoneration,,,,
chivalrous,,,,,
ingrained,,,,,
tedious,,,,,
adept,,,,,
grievance,grievances,,,,
abeyance,,,,,
manifest,,,,,
redoubtable,,,,,
enmity,,,,,
distend,,,,,
renounce,,,,,
obliviousness,oblivious,,,,
conjecture,conjectures,,,,
opprobrium,,,,,
dirge,,,,,
equanimity,,,,,
jeopardized,,,,,
quiescent,,,,,
versatile,,,,,
tangible,,,,,
debilitating,,,,,
foment,,,,,
churlishness,churlish,,,,
astringent,,,,,
exorbitant,,,,,
escalation,escalating,,,,
incidental,incidentally,,,,
forbearing,forbearance,,,,
entitled,,,,,
amorphousness,amorphous,,,,
headstrong,,,,,
surreptitious,surreptitiously,,,,
trenchant,,,,,
endemic,,,,,
conducive,,,,,
idiosyncratically,idiosyncratic,,,,
spendthrift,,,,,
plod,,,,,
replenishing,replenish,,,,
evaded,evade,,,,
inundate,,,,,
foil,,,,,
plaintive,,,,,
exorcise,exorcised,,,,
relent,,,,,
libertine,,,,,
relish,,,,,
omnipresent,,,,,
canny,,,,,
scornful,,,,,
punctiliousness,,,,,
scintillating,,,,,
incendiary,,,,,
clangorous,,,,,
construe,,,,,
anoint,,,,,
glum,,,,,
munificent,,,,,
mendacity,,,,,
proxy,,,,,
modish,,,,,
calumnious,,,,,
hodgepodge,,,,,
recrudescent,,,,,
galvanize,,,,,
loathed,,,,,
apologist,,,,,
portend,,,,,
utterly,,,,,
skittish,,,,,
vociferous,,,,,
debunking,,,,,
scathing,,,,,
peculiarity,,,,,
malfeasance,,,,,
cerebral,,,,,
schism,,,,,
panache,,,,,
gawkiness,,,,,
festering,,,,,
banished,,,,,
immured,,,,,
pithy,,,,,
heed,,,,,
crestfallen,,,,,
strife,,,,,
humdrum,,,,,
manacled,,,,,
bridling,,,,,
disentanglement,,,,,
subvert,,,,,
ascertained,,,,,
cataclysmic,,,,,
upbraid,,,,,
inveterate,,,,,
proficient,,,,,
conciliatory,,,,,
mettlesome,,,,,
cumbersome,,,,,
sluggish,,,,,
abjure,,,,,
rapacious,,,,,
ostentatious,,,,,
mercenary,,,,,
boisterous,,,,,
edifying,,,,,
acolyte,,,,,
impertinence,,,,,
befuddlement,,,,,
conviviality,,,,,
enthralling,,,,,
abet,,,,,
fallibility,,,,,
discreet,,,,,
inviolate,,,,,
fervent,,,,,
paradigmatic,,,,,
obeisance,,,,,
unscrupulous,,,,,
soporific,,,,,
haphazard,,,,,
bereft,,,,,
ploy,,,,,
pomposity,,,,,
deprecation,,,,,
ravaged,,,,,
cajole,,,,,
gaucheness,,,,,
sophistry,,,,,
quashing,,,,,
brooked,,,,,
droll,,,,,
coy,,,,,
wily,,,,,
affronted,,,,,
recant,,,,,
eschew,,,,,
delusion,,,,,
countenance,,,,,
limpid,,,,,
rudimentary,,,,,
irreverence,,,,,
vitiates,,,,,
swindle,,,,,
curmudgeon,,,,,
xenophobe,,,,,
miscreant,,,,,
unalloyed,,,,,
excoriation,,,,,
lambaste,,,,,
turpitude,,,,,
philistine,,,,,
felicitous,,,,,
proclivity,,,,,
palpability,,,,,
vivacious,,,,,
gaffe,,,,,
histrionics,,,,,
chastisement,,,,,
renege,,,,,
fervid,,,,,
indiscriminate,,,,,
inborn,,,,,
peccadillo,,,,,
parsimonious,,,,,
chary,,,,,
ardently,,,,,
lampoon,,,,,
treatise,,,,,
expedition,,,,,
lugubrious,,,,,
valorous,,,,,
magisterial,,,,,
macabre,,,,,
dearth,,,,,
barrage,,,,,
goaded,,,,,
subservience,,,,,
curb,,,,,
intermittent,,,,,
repercussion,,,,,
convalescent,,,,,
ire,,,,,
recourse,,,,,
pious,,,,,
finicky,,,,,
perpetrated,,,,,
assail,,,,,
berate,,,,,
subsume,,,,,
despotic,,,,,
intertwined,,,,,
poignant,,,,,
ironclad,,,,,
neophyte,,,,,
abstain,,,,,
umbrage,,,,,
repugnant,,,,,
indispensable,,,,,
animosity,,,,,
desultory,,,,,
torpor,,,,,
stoic,,,,,
boorishness,,,,,
truculent,,,,,
altruist,,,,,
stern,,,,,
duplicitous,,,,,
fledgling,,,,,
tantalized,,,,,
coins,,,,,
abhor,,,,,
explicate,,,,,
trifle,,,,,
